id,last_name,first_name,email,gender,c1,c2,c3,c4,c5,c6,c7,c8,c9,c10,exam1,exam2,practice
L-65379,Beddows,Sara,sbeddows0@ucoz.com,F,P,P,P,P,P,P,P,P,P,P,10,8,6
L-65380,Ricciardello,Gabbi,gricciardello1@opera.com,F,P,P,P,P,P,P,P,P,P,P,8,8,10
L-65381,Willets,Deanne,dwillets2@odnoklassniki.ru,F,P,P,P,P,P,P,P,P,P,,9,5,4
L-65382,Figura,Marlena,mfigura3@feedburner.com,F,P,P,P,P,P,P,P,P,P,P,9,9,6
L-65383,Yeowell,Pavel,pyeowell4@list-manage.com,M,P,P,P,P,,P,P,P,P,P,3,4,9
L-65384,Kerfut,Cortie,ckerfut5@va.gov,M,P,P,P,P,P,P,P,P,P,P,4,4,9
L-65385,Le Grys,Konstantin,klegrys6@sfgate.com,M,,P,P,P,P,P,P,P,P,P,6,7,4
L-65386,Hubber,Darryl,dhubber7@ibm.com,M,P,P,P,P,P,,P,P,P,,4,6,6
L-65387,Proom,Jaimie,jproom8@umn.edu,F,P,P,P,P,P,P,P,,P,P,10,8,6
L-65388,Dyers,Crissie,cdyers9@narod.ru,F,,P,P,,P,,P,P,P,P,6,6,10
L-65389,Inge,Kip,kingea@prlog.org,F,P,P,,P,,P,P,P,P,P,7,4,7
L-65390,Stuffins,Virginia,vstuffinsb@etsy.com,F,P,P,P,P,P,P,P,P,,P,3,10,4
L-65391,Valois,Glen,gvaloisc@mac.com,F,P,P,P,P,P,P,P,P,P,P,9,5,8
L-65392,Yeowell,Caryl,cyeowelld@auda.org.au,F,P,P,P,P,P,P,,P,P,P,6,8,4
L-65393,Killeley,Tarah,tkilleleye@goo.ne.jp,F,P,P,,P,P,,P,P,P,P,6,10,6
L-65394,Gatecliff,Rianon,rgateclifff@nytimes.com,F,P,P,P,P,P,P,P,P,,P,9,9,5
L-65395,Cockney,Annmarie,acockneyg@nhs.uk,F,P,P,P,P,P,P,P,P,,P,6,7,6
L-65396,Peacocke,Neysa,npeacockeh@people.com.cn,F,P,P,P,P,P,P,P,P,P,P,5,6,10
L-65397,McIlwaine,Caro,cmcilwainei@nih.gov,F,P,P,P,P,P,,P,P,,P,4,4,10
L-65398,Milesop,Wernher,wmilesopj@economist.com,M,P,P,,P,P,P,P,P,P,P,3,10,7
L-65399,Hutton,Maryann,mhuttonk@unicef.org,F,P,,P,P,P,P,P,P,,P,10,7,8
L-65400,Lewington,Nadiya,nlewingtonl@aol.com,F,P,P,P,P,P,P,P,P,,P,10,7,7
L-65401,Iannuzzi,Mada,miannuzzim@icq.com,F,P,,P,P,P,P,,P,P,P,6,6,4
L-65402,Kettlestringes,Rene,rkettlestringesn@nationalgeographic.com,M,P,P,P,P,P,P,P,,P,P,10,7,8
L-65403,Ceillier,Belva,bceilliero@ow.ly,F,P,P,P,P,P,P,P,P,P,P,6,9,9
L-65404,Cow,Bibbye,bcowp@yellowbook.com,F,P,P,P,P,P,P,P,P,P,P,5,9,8
L-65405,Gadesby,Minta,mgadesbyq@woothemes.com,F,P,P,P,P,P,P,P,P,,P,7,9,10
L-65406,Hurford,Aeriela,ahurfordr@usa.gov,F,P,,P,P,,P,P,P,P,P,8,7,7
L-65407,Toor,Nikolaos,ntoors@java.com,M,P,P,P,P,P,P,P,P,P,P,5,5,7
L-65408,Saiz,Mort,msaizt@bing.com,M,P,P,P,P,P,P,P,P,P,P,8,4,10
